selection_method_id,Relationship,reference_id
路网选取方法1,包括,文献46
路网选取方法2,包括,文献15
路网选取方法2,包括,文献23
路网选取方法2,包括,文献22
路网选取方法2,包括,文献48
路网选取方法2,包括,文献8
路网选取方法2,包括,文献13
路网选取方法2,包括,文献14
路网选取方法2,包括,文献34
路网选取方法2,包括,文献3
路网选取方法2,包括,文献10
路网选取方法2,包括,文献28
路网选取方法2,包括,文献24
路网选取方法2,包括,文献12
路网选取方法2,包括,文献1
路网选取方法2,包括,文献35
路网选取方法2,包括,文献31
路网选取方法2,包括,文献44
路网选取方法2,包括,文献2
路网选取方法2,包括,文献5
路网选取方法2,包括,文献12
路网选取方法2,包括,文献15
路网选取方法3,包括,文献25
路网选取方法3,包括,文献36
路网选取方法3,包括,文献42
路网选取方法3,包括,文献33
路网选取方法3,包括,文献7
路网选取方法3,包括,文献21
路网选取方法3,包括,文献11
路网选取方法3,包括,文献30
路网选取方法3,包括,文献29
路网选取方法3,包括,文献41
路网选取方法3,包括,文献4
路网选取方法3,包括,文献43
路网选取方法3,包括,文献37
路网选取方法3,包括,文献38
路网选取方法3,包括,文献6
路网选取方法3,包括,文献9
路网选取方法3,包括,文献16
路网选取方法3,包括,文献17
路网选取方法3,包括,文献18
